"module name","license","repository"
"@ai-sdk/gateway@4.0.28","Apache-2.0","https://github.com/vercel/ai"
"@ai-sdk/provider-utils@5.0.12","Apache-2.0","https://github.com/vercel/ai"
"@ai-sdk/provider@4.0.3","Apache-2.0","https://github.com/vercel/ai"
"@ant-design/colors@8.0.1","MIT","https://github.com/ant-design/ant-design-colors"
"@ant-design/cssinjs-utils@2.1.2","MIT","https://github.com/ant-design/cssinjs-util"
"@ant-design/cssinjs@2.1.2","MIT","https://github.com/ant-design/cssinjs"
"@ant-design/fast-color@3.0.1","MIT","https://github.com/ant-design/fast-color"
"@ant-design/icons-svg@4.5.0","MIT","https://github.com/ant-design/ant-design-icons"
"@ant-design/icons@6.3.2","MIT","https://github.com/ant-design/ant-design-icons/tree/master/packages/icons-react"
"@ant-design/react-slick@2.0.0","MIT","https://github.com/ant-design/react-slick"
"@antfu/install-pkg@1.1.0","MIT","https://github.com/antfu/install-pkg"
"@babel/code-frame@7.29.7","MIT","https://github.com/babel/babel"
"@babel/generator@7.29.7","MIT","https://github.com/babel/babel"
"@babel/helper-globals@7.29.7","MIT","https://github.com/babel/babel"
"@babel/helper-module-imports@7.29.7","MIT","https://github.com/babel/babel"
"@babel/helper-string-parser@7.29.7","MIT","https://github.com/babel/babel"
"@babel/helper-validator-identifier@7.29.7","MIT","https://github.com/babel/babel"
"@babel/parser@7.29.7","MIT","https://github.com/babel/babel"
"@babel/runtime@7.29.7","MIT","https://github.com/babel/babel"
"@babel/runtime@8.0.0","MIT","https://github.com/babel/babel"
"@babel/template@7.29.7","MIT","https://github.com/babel/babel"
"@babel/traverse@7.29.7","MIT","https://github.com/babel/babel"
"@babel/types@7.29.7","MIT","https://github.com/babel/babel"
"@base-ui/react@1.6.0","MIT","https://github.com/mui/base-ui"
"@base-ui/utils@0.3.1","MIT","https://github.com/mui/base-ui"
"@braintree/sanitize-url@7.1.2","MIT","https://github.com/braintree/sanitize-url"
"@chevrotain/types@11.1.2","Apache-2.0","https://github.com/Chevrotain/chevrotain"
"@codemirror/autocomplete@6.20.3","MIT","git+https://code.haverbeke.berlin/codemirror/autocomplete"
"@codemirror/lang-css@6.3.1","MIT","https://github.com/codemirror/lang-css"
"@codemirror/lang-html@6.4.11","MIT","https://github.com/codemirror/lang-html"
"@codemirror/lang-javascript@6.2.5","MIT","https://github.com/codemirror/lang-javascript"
"@codemirror/lang-markdown@6.5.1","MIT","git+https://code.haverbeke.berlin/codemirror/lang-markdown"
"@codemirror/language@6.12.4","MIT","git+https://code.haverbeke.berlin/codemirror/language"
"@codemirror/lint@6.9.7","MIT","git+https://code.haverbeke.berlin/codemirror/lint"
"@codemirror/state@6.7.1","MIT","git+https://code.haverbeke.berlin/codemirror/state"
"@codemirror/view@6.43.6","MIT","git+https://code.haverbeke.berlin/codemirror/view"
"@date-fns/tz@1.5.0","MIT","https://github.com/date-fns/date-fns"
"@dnd-kit/accessibility@3.1.1","MIT","https://github.com/clauderic/dnd-kit"
"@dnd-kit/core@6.3.1","MIT","https://github.com/clauderic/dnd-kit"
"@dnd-kit/modifiers@9.0.0","MIT","https://github.com/clauderic/dnd-kit"
"@dnd-kit/sortable@10.0.0","MIT","https://github.com/clauderic/dnd-kit"
"@dnd-kit/utilities@3.2.2","MIT","https://github.com/clauderic/dnd-kit"
"@emoji-mart/data@1.2.1","MIT","https://github.com/missive/emoji-mart"
"@emoji-mart/react@1.1.1","MIT","https://github.com/missive/emoji-mart"
"@emotion/babel-plugin@11.13.5","MIT","https://github.com/emotion-js/emotion/tree/main/packages/babel-plugin"
"@emotion/cache@11.14.0","MIT","https://github.com/emotion-js/emotion/tree/main/packages/cache"
"@emotion/css@11.13.5","MIT","https://github.com/emotion-js/emotion/tree/main/packages/css"
"@emotion/hash@0.8.0","MIT","https://github.com/emotion-js/emotion/tree/master/packages/hash"
"@emotion/hash@0.9.2","MIT","https://github.com/emotion-js/emotion/tree/main/packages/hash"
"@emotion/is-prop-valid@1.4.0","MIT","https://github.com/emotion-js/emotion/tree/main/packages/is-prop-valid"
"@emotion/memoize@0.9.0","MIT","https://github.com/emotion-js/emotion/tree/main/packages/memoize"
"@emotion/react@11.14.0","MIT","https://github.com/emotion-js/emotion/tree/main/packages/react"
"@emotion/serialize@1.3.3","MIT","https://github.com/emotion-js/emotion/tree/main/packages/serialize"
"@emotion/sheet@1.4.0","MIT","https://github.com/emotion-js/emotion/tree/main/packages/sheet"
"@emotion/unitless@0.10.0","MIT","https://github.com/emotion-js/emotion/tree/main/packages/unitless"
"@emotion/unitless@0.7.5","MIT","https://github.com/emotion-js/emotion/tree/master/packages/unitless"
"@emotion/use-insertion-effect-with-fallbacks@1.2.0","MIT","https://github.com/emotion-js/emotion/tree/main/packages/use-insertion-effect-with-fallbacks"
"@emotion/utils@1.4.2","MIT","https://github.com/emotion-js/emotion/tree/main/packages/utils"
"@emotion/weak-memoize@0.4.0","MIT","https://github.com/emotion-js/emotion/tree/main/packages/weak-memoize"
"@floating-ui/core@1.8.0","MIT","https://github.com/floating-ui/floating-ui"
"@floating-ui/dom@1.8.0","MIT","https://github.com/floating-ui/floating-ui"
"@floating-ui/react-dom@2.1.9","MIT","https://github.com/floating-ui/floating-ui"
"@floating-ui/react@0.27.20","MIT","https://github.com/floating-ui/floating-ui"
"@floating-ui/utils@0.2.12","MIT","https://github.com/floating-ui/floating-ui"
"@fontsource-variable/lora@5.3.0","OFL-1.1","https://github.com/fontsource/font-files"
"@fontsource-variable/public-sans@5.3.0","OFL-1.1","https://github.com/fontsource/font-files"
"@giscus/react@3.1.0","Custom: https://github.com/giscus/giscus-component","https://github.com/giscus/giscus-component"
"@hookform/resolvers@5.4.0","MIT","https://github.com/react-hook-form/resolvers"
"@hugeicons/core-free-icons@4.2.3","MIT",""
"@hugeicons/react@1.1.9","MIT","https://github.com/hugeicons/hugeicons"
"@iconify/types@2.0.0","MIT","https://github.com/iconify/iconify"
"@iconify/utils@3.1.4","MIT","https://github.com/iconify/iconify"
"@jridgewell/gen-mapping@0.3.13","MIT","https://github.com/jridgewell/sourcemaps"
"@jridgewell/resolve-uri@3.1.2","MIT","https://github.com/jridgewell/resolve-uri"
"@jridgewell/sourcemap-codec@1.5.5","MIT","https://github.com/jridgewell/sourcemaps"
"@jridgewell/trace-mapping@0.3.31","MIT","https://github.com/jridgewell/sourcemaps"
"@lezer/common@1.5.2","MIT","https://github.com/lezer-parser/common"
"@lezer/css@1.3.4","MIT","git+https://code.haverbeke.berlin/lezer/css"
"@lezer/highlight@1.2.3","MIT","https://github.com/lezer-parser/highlight"
"@lezer/html@1.3.13","MIT","https://github.com/lezer-parser/html"
"@lezer/javascript@1.5.4","MIT","https://github.com/lezer-parser/javascript"
"@lezer/lr@1.4.10","MIT","git+https://code.haverbeke.berlin/lezer/lr"
"@lezer/markdown@1.7.2","MIT","git+https://code.haverbeke.berlin/lezer/markdown"
"@lit-labs/ssr-dom-shim@1.6.0","BSD-3-Clause","https://github.com/lit/lit"
"@lit/reactive-element@2.1.2","BSD-3-Clause","https://github.com/lit/lit"
"@lobehub/emojilib@1.0.0","MIT","https://github.com/lobehub/lobe-assets"
"@lobehub/fluent-emoji@4.1.0","MIT","https://github.com/lobehub/fluent-emoji"
"@lobehub/icons@5.15.0","MIT","https://github.com/lobehub/lobe-icons"
"@lobehub/ui@5.23.4","MIT","https://github.com/lobehub/lobe-ui"
"@marijn/find-cluster-break@1.0.3","MIT","git+https://code.haverbeke.berlin/marijn/find-cluster-break"
"@mdx-js/mdx@3.1.1","MIT","https://github.com/mdx-js/mdx"
"@mdx-js/react@3.1.1","MIT","https://github.com/mdx-js/mdx"
"@mermaid-js/parser@1.2.0","MIT","https://github.com/mermaid-js/mermaid"
"@pierre/diffs@1.2.12","Apache*",""
"@pierre/theme@1.1.0","MIT","https://github.com/pierrecomputer/pierre"
"@pierre/theming@0.0.2","Custom: https://shiki.style/",""
"@primer/octicons@19.30.0","MIT","https://github.com/primer/octicons"
"@radix-ui/primitive@1.1.7","MIT","https://github.com/radix-ui/primitives"
"@radix-ui/react-arrow@1.1.13","MIT","https://github.com/radix-ui/primitives"
"@radix-ui/react-compose-refs@1.1.4","MIT","https://github.com/radix-ui/primitives"
"@radix-ui/react-context@1.2.1","MIT","https://github.com/radix-ui/primitives"
"@radix-ui/react-dialog@1.1.21","MIT","https://github.com/radix-ui/primitives"
"@radix-ui/react-dismissable-layer@1.1.17","MIT","https://github.com/radix-ui/primitives"
"@radix-ui/react-focus-guards@1.1.5","MIT","https://github.com/radix-ui/primitives"
"@radix-ui/react-focus-scope@1.1.14","MIT","https://github.com/radix-ui/primitives"
"@radix-ui/react-id@1.1.3","MIT","https://github.com/radix-ui/primitives"
"@radix-ui/react-popper@1.3.5","MIT","https://github.com/radix-ui/primitives"
"@radix-ui/react-portal@1.1.15","MIT","https://github.com/radix-ui/primitives"
"@radix-ui/react-presence@1.1.9","MIT","https://github.com/radix-ui/primitives"
"@radix-ui/react-primitive@2.1.8","MIT","https://github.com/radix-ui/primitives"
"@radix-ui/react-slot@1.3.1","MIT","https://github.com/radix-ui/primitives"
"@radix-ui/react-tooltip@1.2.14","MIT","https://github.com/radix-ui/primitives"
"@radix-ui/react-use-callback-ref@1.1.3","MIT","https://github.com/radix-ui/primitives"
"@radix-ui/react-use-controllable-state@1.2.5","MIT","https://github.com/radix-ui/primitives"
"@radix-ui/react-use-effect-event@0.0.4","MIT","https://github.com/radix-ui/primitives"
"@radix-ui/react-use-layout-effect@1.1.3","MIT","https://github.com/radix-ui/primitives"
"@radix-ui/react-use-rect@1.1.3","MIT","https://github.com/radix-ui/primitives"
"@radix-ui/react-use-size@1.1.3","MIT","https://github.com/radix-ui/primitives"
"@radix-ui/react-visually-hidden@1.2.9","MIT","https://github.com/radix-ui/primitives"
"@radix-ui/rect@1.1.3","MIT","https://github.com/radix-ui/primitives"
"@rc-component/async-validator@6.0.0","MIT","https://github.com/react-component/async-validator"
"@rc-component/cascader@1.17.0","MIT","https://github.com/react-component/cascader"
"@rc-component/checkbox@2.0.0","MIT","https://github.com/react-component/checkbox"
"@rc-component/collapse@1.2.0","MIT","https://github.com/react-component/collapse"
"@rc-component/color-picker@3.1.1","MIT","https://github.com/react-component/color-picker"
"@rc-component/context@2.0.2","MIT","https://github.com/react-component/context"
"@rc-component/dialog@1.10.0","MIT","https://github.com/react-component/dialog"
"@rc-component/drawer@1.4.2","MIT","https://github.com/react-component/drawer"
"@rc-component/dropdown@1.0.3","MIT","https://github.com/react-component/dropdown"
"@rc-component/form@1.8.5","MIT","https://github.com/react-component/field-form"
"@rc-component/image@1.9.0","MIT","https://github.com/react-component/image"
"@rc-component/input-number@1.6.2","MIT","https://github.com/react-component/input-number"
"@rc-component/input@1.3.1","MIT","https://github.com/react-component/input"
"@rc-component/mentions@1.10.0","MIT","https://github.com/react-component/mentions"
"@rc-component/menu@1.4.1","MIT","https://github.com/react-component/menu"
"@rc-component/mini-decimal@1.1.4","MIT","https://github.com/react-component/mini-decimal"
"@rc-component/motion@1.3.3","MIT","https://github.com/react-component/motion"
"@rc-component/mutate-observer@2.0.1","MIT","https://github.com/react-component/mutate-observer"
"@rc-component/notification@2.0.7","MIT","https://github.com/react-component/notification"
"@rc-component/overflow@1.0.1","MIT","https://github.com/react-component/overflow"
"@rc-component/pagination@1.4.0","MIT","https://github.com/react-component/pagination"
"@rc-component/picker@1.11.0","MIT","https://github.com/react-component/picker"
"@rc-component/portal@1.1.2","MIT","https://github.com/react-component/portal"
"@rc-component/portal@2.2.1","MIT","https://github.com/react-component/portal"
"@rc-component/progress@1.0.2","MIT","https://github.com/react-component/progress"
"@rc-component/qrcode@2.0.0","MIT","https://github.com/react-component/qrcode"
"@rc-component/rate@1.0.1","MIT","https://github.com/react-component/rate"
"@rc-component/resize-observer@1.1.2","MIT","https://github.com/react-component/resize-observer"
"@rc-component/segmented@1.3.0","MIT","https://github.com/react-component/segmented"
"@rc-component/select@1.8.2","MIT","https://github.com/react-component/select"
"@rc-component/slider@1.1.1","MIT","https://github.com/react-component/slider"
"@rc-component/steps@1.2.2","MIT","https://github.com/react-component/steps"
"@rc-component/switch@1.0.3","MIT","https://github.com/react-component/switch"
"@rc-component/table@1.10.4","MIT","https://github.com/react-component/table"
"@rc-component/tabs@1.11.0","MIT","https://github.com/react-component/tabs"
"@rc-component/tooltip@1.4.0","MIT","https://github.com/react-component/tooltip"
"@rc-component/tour@2.4.0","MIT","https://github.com/react-component/tour"
"@rc-component/tree-select@1.11.0","MIT","https://github.com/react-component/tree-select"
"@rc-component/tree@1.3.2","MIT","https://github.com/react-component/tree"
"@rc-component/trigger@2.3.1","MIT","https://github.com/react-component/trigger"
"@rc-component/trigger@3.10.1","MIT","https://github.com/react-component/trigger"
"@rc-component/upload@1.1.1","MIT","https://github.com/react-component/upload"
"@rc-component/util@1.12.0","MIT","https://github.com/react-component/util"
"@rc-component/virtual-list@1.4.0","MIT","https://github.com/react-component/virtual-list"
"@reduxjs/toolkit@2.12.0","MIT","https://github.com/reduxjs/redux-toolkit"
"@resvg/resvg-js-linux-x64-gnu@2.4.1","MPL-2.0","https://github.com/yisibl/resvg-js"
"@resvg/resvg-js@2.4.1","MPL-2.0","https://github.com/yisibl/resvg-js"
"@shikijs/core@4.3.1","MIT","https://github.com/shikijs/shiki"
"@shikijs/engine-javascript@4.3.1","MIT","https://github.com/shikijs/shiki"
"@shikijs/engine-oniguruma@4.3.1","MIT","https://github.com/shikijs/shiki"
"@shikijs/langs@4.3.1","MIT","https://github.com/shikijs/shiki"
"@shikijs/primitive@4.3.1","MIT","https://github.com/shikijs/shiki"
"@shikijs/stream@4.3.1","MIT","https://github.com/shikijs/shiki"
"@shikijs/themes@4.3.1","MIT","https://github.com/shikijs/shiki"
"@shikijs/transformers@4.3.1","MIT","https://github.com/shikijs/shiki"
"@shikijs/types@4.3.1","MIT","https://github.com/shikijs/shiki"
"@shikijs/vscode-textmate@10.0.2","MIT","https://github.com/shikijs/vscode-textmate"
"@splinetool/runtime@1.12.98","Custom: https://prod.spline.design/6Wq1Q7YGyM-iab9i/scene.splinecode","https://github.com/splinetool/spline"
"@standard-schema/spec@1.1.0","MIT","https://github.com/standard-schema/standard-schema"
"@standard-schema/utils@0.3.0","MIT","https://github.com/standard-schema/standard-schema"
"@stitches/react@1.2.8","MIT","https://github.com/modulz/stitches"
"@tanstack/history@1.162.0","MIT","https://github.com/TanStack/router"
"@tanstack/query-core@5.101.4","MIT","https://github.com/TanStack/query"
"@tanstack/react-query@5.101.4","MIT","https://github.com/TanStack/query"
"@tanstack/react-router@1.170.18","MIT","https://github.com/TanStack/router"
"@tanstack/react-store@0.9.3","MIT","https://github.com/TanStack/store"
"@tanstack/react-table@8.21.3","MIT","https://github.com/TanStack/table"
"@tanstack/react-virtual@3.14.8","MIT","https://github.com/TanStack/virtual"
"@tanstack/router-core@1.171.15","MIT","https://github.com/TanStack/router"
"@tanstack/store@0.9.3","MIT","https://github.com/TanStack/store"
"@tanstack/table-core@8.21.3","MIT","https://github.com/TanStack/table"
"@tanstack/virtual-core@3.17.6","MIT","https://github.com/TanStack/virtual"
"@tokenlens/core@1.3.0","MIT","https://github.com/xn1cklas/tokenlens"
"@tokenlens/fetch@1.3.0","MIT","https://github.com/xn1cklas/tokenlens"
"@tokenlens/helpers@1.3.1","MIT","https://github.com/xn1cklas/tokenlens"
"@tokenlens/models@1.3.0","MIT","https://github.com/xn1cklas/tokenlens"
"@turf/boolean-clockwise@6.5.0","MIT","https://github.com/Turfjs/turf"
"@turf/clone@6.5.0","MIT","https://github.com/Turfjs/turf"
"@turf/flatten@6.5.0","MIT","https://github.com/Turfjs/turf"
"@turf/helpers@6.5.0","MIT","https://github.com/Turfjs/turf"
"@turf/invariant@6.5.0","MIT","https://github.com/Turfjs/turf"
"@turf/meta@3.14.0","MIT","https://github.com/Turfjs/turf"
"@turf/meta@6.5.0","MIT","https://github.com/Turfjs/turf"
"@turf/rewind@6.5.0","MIT","https://github.com/Turfjs/turf"
"@types/d3-array@3.2.2","MIT","https://github.com/DefinitelyTyped/DefinitelyTyped"
"@types/d3-axis@3.0.6","MIT","https://github.com/DefinitelyTyped/DefinitelyTyped"
"@types/d3-brush@3.0.6","MIT","https://github.com/DefinitelyTyped/DefinitelyTyped"
"@types/d3-chord@3.0.6","MIT","https://github.com/DefinitelyTyped/DefinitelyTyped"
"@types/d3-color@3.1.3","MIT","https://github.com/DefinitelyTyped/DefinitelyTyped"
"@types/d3-contour@3.0.6","MIT","https://github.com/DefinitelyTyped/DefinitelyTyped"
"@types/d3-delaunay@6.0.4","MIT","https://github.com/DefinitelyTyped/DefinitelyTyped"
"@types/d3-dispatch@3.0.7","MIT","https://github.com/DefinitelyTyped/DefinitelyTyped"
"@types/d3-drag@3.0.7","MIT","https://github.com/DefinitelyTyped/DefinitelyTyped"
"@types/d3-dsv@3.0.7","MIT","https://github.com/DefinitelyTyped/DefinitelyTyped"
"@types/d3-ease@3.0.2","MIT","https://github.com/DefinitelyTyped/DefinitelyTyped"
"@types/d3-fetch@3.0.7","MIT","https://github.com/DefinitelyTyped/DefinitelyTyped"
"@types/d3-force@3.0.10","MIT","https://github.com/DefinitelyTyped/DefinitelyTyped"
"@types/d3-format@3.0.4","MIT","https://github.com/DefinitelyTyped/DefinitelyTyped"
"@types/d3-geo@3.1.0","MIT","https://github.com/DefinitelyTyped/DefinitelyTyped"
"@types/d3-hierarchy@3.1.7","MIT","https://github.com/DefinitelyTyped/DefinitelyTyped"
"@types/d3-interpolate@3.0.4","MIT","https://github.com/DefinitelyTyped/DefinitelyTyped"
"@types/d3-path@3.1.1","MIT","https://github.com/DefinitelyTyped/DefinitelyTyped"
"@types/d3-polygon@3.0.2","MIT","https://github.com/DefinitelyTyped/DefinitelyTyped"
"@types/d3-quadtree@3.0.6","MIT","https://github.com/DefinitelyTyped/DefinitelyTyped"
"@types/d3-random@3.0.4","MIT","https://github.com/DefinitelyTyped/DefinitelyTyped"
"@types/d3-scale-chromatic@3.1.0","MIT","https://github.com/DefinitelyTyped/DefinitelyTyped"
"@types/d3-scale@4.0.9","MIT","https://github.com/DefinitelyTyped/DefinitelyTyped"
"@types/d3-selection@3.0.11","MIT","https://github.com/DefinitelyTyped/DefinitelyTyped"
"@types/d3-shape@3.1.8","MIT","https://github.com/DefinitelyTyped/DefinitelyTyped"
"@types/d3-time-format@4.0.3","MIT","https://github.com/DefinitelyTyped/DefinitelyTyped"
"@types/d3-time@3.0.4","MIT","https://github.com/DefinitelyTyped/DefinitelyTyped"
"@types/d3-timer@3.0.2","MIT","https://github.com/DefinitelyTyped/DefinitelyTyped"
"@types/d3-transition@3.0.9","MIT","https://github.com/DefinitelyTyped/DefinitelyTyped"
"@types/d3-zoom@3.0.8","MIT","https://github.com/DefinitelyTyped/DefinitelyTyped"
"@types/d3@7.4.3","MIT","https://github.com/DefinitelyTyped/DefinitelyTyped"
"@types/debug@4.1.13","MIT","https://github.com/DefinitelyTyped/DefinitelyTyped"
"@types/estree-jsx@1.0.5","MIT","https://github.com/DefinitelyTyped/DefinitelyTyped"
"@types/estree@1.0.9","MIT","https://github.com/DefinitelyTyped/DefinitelyTyped"
"@types/geojson@7946.0.16","MIT","https://github.com/DefinitelyTyped/DefinitelyTyped"
"@types/hast@3.0.5","MIT","https://github.com/DefinitelyTyped/DefinitelyTyped"
"@types/js-cookie@3.0.6","MIT","https://github.com/DefinitelyTyped/DefinitelyTyped"
"@types/katex@0.16.8","MIT","https://github.com/DefinitelyTyped/DefinitelyTyped"
"@types/linkify-it@5.0.0","MIT","https://github.com/DefinitelyTyped/DefinitelyTyped"
"@types/mdast@4.0.4","MIT","https://github.com/DefinitelyTyped/DefinitelyTyped"
"@types/mdurl@2.0.0","MIT","https://github.com/DefinitelyTyped/DefinitelyTyped"
"@types/mdx@2.0.14","MIT","https://github.com/DefinitelyTyped/DefinitelyTyped"
"@types/ms@2.1.0","MIT","https://github.com/DefinitelyTyped/DefinitelyTyped"
"@types/parse-json@4.0.2","MIT","https://github.com/DefinitelyTyped/DefinitelyTyped"
"@types/react-dom@19.2.3","MIT","https://github.com/DefinitelyTyped/DefinitelyTyped"
"@types/react@19.2.17","MIT","https://github.com/DefinitelyTyped/DefinitelyTyped"
"@types/trusted-types@2.0.7","MIT","https://github.com/DefinitelyTyped/DefinitelyTyped"
"@types/unist@2.0.11","MIT","https://github.com/DefinitelyTyped/DefinitelyTyped"
"@types/unist@3.0.3","MIT","https://github.com/DefinitelyTyped/DefinitelyTyped"
"@types/use-sync-external-store@0.0.6","MIT","https://github.com/DefinitelyTyped/DefinitelyTyped"
"@ungap/structured-clone@1.3.3","ISC","https://github.com/ungap/structured-clone"
"@upsetjs/venn.js@2.0.0","MIT","https://github.com/upsetjs/venn.js"
"@use-gesture/core@10.3.1","MIT","https://github.com/pmndrs/use-gesture"
"@use-gesture/react@10.3.1","MIT","https://github.com/pmndrs/use-gesture"
"@vercel/oidc@3.2.0","Apache-2.0","https://github.com/vercel/vercel"
"@visactor/react-vchart@2.1.4","MIT","https://github.com/VisActor/VChart"
"@visactor/vchart-extension@2.1.4","MIT","https://github.com/VisActor/VChart"
"@visactor/vchart@2.1.4","MIT","https://github.com/VisActor/VChart"
"@visactor/vdataset@1.0.23","MIT",""
"@visactor/vlayouts@1.0.23","MIT",""
"@visactor/vrender-animate@1.1.5","MIT","https://github.com/VisActor/VRender"
"@visactor/vrender-components@1.1.5","MIT","https://github.com/VisActor/VRender"
"@visactor/vrender-core@1.1.5","MIT","https://github.com/VisActor/VRender"
"@visactor/vrender-kits@1.1.5","MIT","https://github.com/VisActor/VRender"
"@visactor/vrender@1.1.5","MIT","https://github.com/VisActor/VRender"
"@visactor/vscale@1.0.23","MIT",""
"@visactor/vutils-extension@2.1.4","MIT","https://github.com/VisActor/VChart"
"@visactor/vutils@1.0.23","MIT",""
"@workflow/serde@4.1.0","Apache-2.0","https://github.com/vercel/workflow"
"abs-svg-path@0.1.1","MIT","https://github.com/jkroso/abs-svg-path"
"acorn-jsx@5.3.2","MIT","https://github.com/acornjs/acorn-jsx"
"acorn@8.17.0","MIT","https://github.com/acornjs/acorn"
"agent-base@6.0.2","MIT","https://github.com/TooTallNate/node-agent-base"
"ahooks@3.9.7","MIT","https://github.com/alibaba/hooks"
"ai@7.0.37","Apache-2.0","https://github.com/vercel/ai"
"antd-style@4.1.0","MIT","https://github.com/ant-design/antd-style"
"antd@6.5.2","MIT","https://github.com/ant-design/ant-design"
"aria-hidden@1.2.6","MIT","https://github.com/theKashey/aria-hidden"
"array-source@0.0.4","BSD-3-Clause","https://github.com/mbostock/array-source"
"assign-symbols@1.0.0","MIT","https://github.com/jonschlinkert/assign-symbols"
"astring@1.9.0","MIT","https://github.com/davidbonnet/astring"
"asynckit@0.4.0","MIT","https://github.com/alexindigo/asynckit"
"attr-accept@2.2.5","MIT","https://github.com/react-dropzone/attr-accept"
"auto-skeleton-react@1.0.5","MIT","https://github.com/ShanukJ/auto-skeleton"
"axios@1.18.1","MIT","https://github.com/axios/axios"
"babel-plugin-macros@3.1.0","MIT","https://github.com/kentcdodds/babel-plugin-macros"
"bail@2.0.2","MIT","https://github.com/wooorm/bail"
"buffer-from@1.1.2","MIT","https://github.com/LinusU/buffer-from"
"call-bind-apply-helpers@1.0.2","MIT","https://github.com/ljharb/call-bind-apply-helpers"
"callsites@3.1.0","MIT","https://github.com/sindresorhus/callsites"
"ccount@2.0.1","MIT","https://github.com/wooorm/ccount"
"character-entities-html4@2.1.0","MIT","https://github.com/wooorm/character-entities-html4"
"character-entities-legacy@3.0.0","MIT","https://github.com/wooorm/character-entities-legacy"
"character-entities@2.0.2","MIT","https://github.com/wooorm/character-entities"
"character-reference-invalid@2.0.1","MIT","https://github.com/wooorm/character-reference-invalid"
"chroma-js@3.2.0","(BSD-3-Clause AND Apache-2.0)","https://github.com/gka/chroma.js"
"class-variance-authority@0.7.1","Apache-2.0","https://github.com/joe-bell/cva"
"classnames@2.5.1","MIT","https://github.com/JedWatson/classnames"
"clsx@2.1.1","MIT","https://github.com/lukeed/clsx"
"cmdk@1.1.1","MIT","https://github.com/pacocoursey/cmdk"
"collapse-white-space@2.1.0","MIT","https://github.com/wooorm/collapse-white-space"
"color-convert@2.0.1","MIT","https://github.com/Qix-/color-convert"
"color-name@1.1.4","MIT","https://github.com/colorjs/color-name"
"colord@2.9.3","MIT","https://github.com/omgovich/colord"
"combined-stream@1.0.8","MIT","https://github.com/felixge/node-combined-stream"
"comma-separated-tokens@2.0.3","MIT","https://github.com/wooorm/comma-separated-tokens"
"commander@2.20.3","MIT","https://github.com/tj/commander.js"
"commander@7.2.0","MIT","https://github.com/tj/commander.js"
"commander@8.3.0","MIT","https://github.com/tj/commander.js"
"compute-scroll-into-view@3.1.1","MIT","https://github.com/scroll-into-view/compute-scroll-into-view"
"concat-stream@1.4.11","MIT","https://github.com/maxogden/concat-stream"
"concat-stream@2.0.0","MIT","https://github.com/maxogden/concat-stream"
"convert-source-map@1.9.0","MIT","https://github.com/thlorenz/convert-source-map"
"cookie-es@3.1.1","MIT","https://github.com/unjs/cookie-es"
"core-util-is@1.0.3","MIT","https://github.com/isaacs/core-util-is"
"cose-base@1.0.3","MIT","https://github.com/iVis-at-Bilkent/cose-base"
"cose-base@2.2.0","MIT","https://github.com/iVis-at-Bilkent/cose-base"
"cosmiconfig@7.1.0","MIT","https://github.com/davidtheclark/cosmiconfig"
"crelt@1.0.7","MIT","git+https://code.haverbeke.berlin/marijn/crelt"
"csstype@3.2.3","MIT","https://github.com/frenic/csstype"
"cytoscape-cose-bilkent@4.1.0","MIT","https://github.com/cytoscape/cytoscape.js-cose-bilkent"
"cytoscape-fcose@2.2.0","MIT","https://github.com/iVis-at-Bilkent/cytoscape.js-fcose"
"cytoscape@3.34.0","MIT","https://github.com/cytoscape/cytoscape.js"
"d3-array@1.2.4","BSD-3-Clause","https://github.com/d3/d3-array"
"d3-array@3.2.4","ISC","https://github.com/d3/d3-array"
"d3-axis@3.0.0","ISC","https://github.com/d3/d3-axis"
"d3-brush@3.0.0","ISC","https://github.com/d3/d3-brush"
"d3-chord@3.0.1","ISC","https://github.com/d3/d3-chord"
"d3-color@3.1.0","ISC","https://github.com/d3/d3-color"
"d3-contour@4.0.2","ISC","https://github.com/d3/d3-contour"
"d3-delaunay@6.0.4","ISC","https://github.com/d3/d3-delaunay"
"d3-dispatch@3.0.1","ISC","https://github.com/d3/d3-dispatch"
"d3-drag@3.0.0","ISC","https://github.com/d3/d3-drag"
"d3-dsv@2.0.0","BSD-3-Clause","https://github.com/d3/d3-dsv"
"d3-dsv@3.0.1","ISC","https://github.com/d3/d3-dsv"
"d3-ease@3.0.1","BSD-3-Clause","https://github.com/d3/d3-ease"
"d3-fetch@3.0.1","ISC","https://github.com/d3/d3-fetch"
"d3-force@3.0.0","ISC","https://github.com/d3/d3-force"
"d3-format@3.1.2","ISC","https://github.com/d3/d3-format"
"d3-geo@1.12.1","BSD-3-Clause","https://github.com/d3/d3-geo"
"d3-geo@3.1.1","ISC","https://github.com/d3/d3-geo"
"d3-hexbin@0.2.2","BSD-3-Clause","https://github.com/d3/d3-hexbin"
"d3-hierarchy@3.1.2","ISC","https://github.com/d3/d3-hierarchy"
"d3-interpolate@3.0.1","ISC","https://github.com/d3/d3-interpolate"
"d3-path@1.0.9","BSD-3-Clause","https://github.com/d3/d3-path"
"d3-path@3.1.0","ISC","https://github.com/d3/d3-path"
"d3-polygon@3.0.1","ISC","https://github.com/d3/d3-polygon"
"d3-quadtree@3.0.1","ISC","https://github.com/d3/d3-quadtree"
"d3-random@3.0.1","ISC","https://github.com/d3/d3-random"
"d3-sankey@0.12.3","BSD-3-Clause","https://github.com/d3/d3-sankey"
"d3-scale-chromatic@3.1.0","ISC","https://github.com/d3/d3-scale-chromatic"
"d3-scale@4.0.2","ISC","https://github.com/d3/d3-scale"
"d3-selection@3.0.0","ISC","https://github.com/d3/d3-selection"
"d3-shape@1.3.7","BSD-3-Clause","https://github.com/d3/d3-shape"
"d3-shape@3.2.0","ISC","https://github.com/d3/d3-shape"
"d3-time-format@4.1.0","ISC","https://github.com/d3/d3-time-format"
"d3-time@3.1.0","ISC","https://github.com/d3/d3-time"
"d3-timer@3.0.1","ISC","https://github.com/d3/d3-timer"
"d3-transition@3.0.1","ISC","https://github.com/d3/d3-transition"
"d3-zoom@3.0.0","ISC","https://github.com/d3/d3-zoom"
"d3@7.9.0","ISC","https://github.com/d3/d3"
"dagre-d3-es@7.0.14","MIT","https://github.com/tbo47/dagre-es"
"date-fns@4.4.0","MIT","https://github.com/date-fns/date-fns"
"dayjs@1.11.21","MIT","https://github.com/iamkun/dayjs"
"debug@4.4.3","MIT","https://github.com/debug-js/debug"
"decimal.js-light@2.5.1","MIT","https://github.com/MikeMcl/decimal.js-light"
"decode-named-character-reference@1.3.0","MIT","https://github.com/wooorm/decode-named-character-reference"
"decode-uri-component@0.4.1","MIT","https://github.com/SamVerschueren/decode-uri-component"
"delaunator@5.1.0","ISC","https://github.com/mapbox/delaunator"
"delayed-stream@1.0.0","MIT","https://github.com/felixge/node-delayed-stream"
"dequal@2.0.3","MIT","https://github.com/lukeed/dequal"
"detect-node-es@1.1.0","MIT","https://github.com/thekashey/detect-node"
"devlop@1.1.0","MIT","https://github.com/wooorm/devlop"
"diff@9.0.0","BSD-3-Clause","https://github.com/kpdecker/jsdiff"
"dompurify@3.4.11","(MPL-2.0 OR Apache-2.0)","https://github.com/cure53/DOMPurify"
"dunder-proto@1.0.1","MIT","https://github.com/es-shims/dunder-proto"
"emoji-mart@5.6.0","MIT","https://github.com/missive/emoji-mart"
"emoji-regex@10.6.0","MIT","https://github.com/mathiasbynens/emoji-regex"
"entities@4.5.0","BSD-2-Clause","https://github.com/fb55/entities"
"entities@6.0.1","BSD-2-Clause","https://github.com/fb55/entities"
"error-ex@1.3.4","MIT","https://github.com/qix-/node-error-ex"
"es-define-property@1.0.1","MIT","https://github.com/ljharb/es-define-property"
"es-errors@1.3.0","MIT","https://github.com/ljharb/es-errors"
"es-object-atoms@1.1.2","MIT","https://github.com/ljharb/es-object-atoms"
"es-set-tostringtag@2.1.0","MIT","https://github.com/es-shims/es-set-tostringtag"
"es-toolkit@1.50.0","MIT","https://github.com/toss/es-toolkit"
"esast-util-from-estree@2.0.0","MIT","https://github.com/syntax-tree/esast-util-from-estree"
"esast-util-from-js@2.0.1","MIT","https://github.com/syntax-tree/esast-util-from-js"
"escape-string-regexp@4.0.0","MIT","https://github.com/sindresorhus/escape-string-regexp"
"escape-string-regexp@5.0.0","MIT","https://github.com/sindresorhus/escape-string-regexp"
"estree-util-attach-comments@3.0.0","MIT","https://github.com/syntax-tree/estree-util-attach-comments"
"estree-util-build-jsx@3.0.1","MIT","https://github.com/syntax-tree/estree-util-build-jsx"
"estree-util-is-identifier-name@3.0.0","MIT","https://github.com/syntax-tree/estree-util-is-identifier-name"
"estree-util-scope@1.0.0","MIT","https://github.com/syntax-tree/estree-util-scope"
"estree-util-to-js@2.0.0","MIT","https://github.com/syntax-tree/estree-util-to-js"
"estree-util-visit@2.0.0","MIT","https://github.com/syntax-tree/estree-util-visit"
"estree-walker@3.0.3","MIT","https://github.com/Rich-Harris/estree-walker"
"eventemitter3@4.0.7","MIT","https://github.com/primus/eventemitter3"
"eventemitter3@5.0.4","MIT","https://github.com/primus/eventemitter3"
"eventsource-parser@3.1.0","MIT","https://github.com/rexxars/eventsource-parser"
"extend-shallow@2.0.1","MIT","https://github.com/jonschlinkert/extend-shallow"
"extend-shallow@3.0.2","MIT","https://github.com/jonschlinkert/extend-shallow"
"extend@3.0.2","MIT","https://github.com/justmoon/node-extend"
"fast-deep-equal@3.1.3","MIT","https://github.com/epoberezkin/fast-deep-equal"
"file-selector@0.5.0","MIT","https://github.com/react-dropzone/file-selector"
"file-source@0.6.1","BSD-3-Clause","https://github.com/mbostock/file-source"
"filter-obj@5.1.0","MIT","https://github.com/sindresorhus/filter-obj"
"find-root@1.1.0","MIT","https://github.com/js-n/find-root"
"follow-redirects@1.16.0","MIT","https://github.com/follow-redirects/follow-redirects"
"for-in@1.0.2","MIT","https://github.com/jonschlinkert/for-in"
"form-data@4.0.6","MIT","https://github.com/form-data/form-data"
"framer-motion@12.42.2","MIT","https://github.com/motiondivision/motion"
"function-bind@1.1.2","MIT","https://github.com/Raynos/function-bind"
"geobuf@3.0.2","ISC","https://github.com/mapbox/geobuf"
"geojson-dissolve@3.1.0","ISC","https://github.com/noffle/geojson-dissolve"
"geojson-flatten@0.2.4","BSD-2-Clause","https://github.com/node-geojson/geojson-flatten"
"geojson-linestring-dissolve@0.0.1","ISC","https://github.com/noffle/geojson-linestring-dissolve"
"get-east-asian-width@1.6.0","MIT","https://github.com/sindresorhus/get-east-asian-width"
"get-intrinsic@1.3.0","MIT","https://github.com/ljharb/get-intrinsic"
"get-nonce@1.0.1","MIT","https://github.com/theKashey/get-nonce"
"get-proto@1.0.1","MIT","https://github.com/ljharb/get-proto"
"get-stdin@6.0.0","MIT","https://github.com/sindresorhus/get-stdin"
"get-value@2.0.6","MIT","https://github.com/jonschlinkert/get-value"
"gifuct-js@2.1.2","MIT","https://github.com/matt-way/gifuct-js"
"giscus@1.6.0","MIT","https://github.com/giscus/giscus-component"
"gopd@1.2.0","MIT","https://github.com/ljharb/gopd"
"hachure-fill@0.5.2","MIT","https://github.com/pshihn/hachure-fill"
"has-symbols@1.1.0","MIT","https://github.com/inspect-js/has-symbols"
"has-tostringtag@1.0.2","MIT","https://github.com/inspect-js/has-tostringtag"
"hasown@2.0.4","MIT","https://github.com/inspect-js/hasOwn"
"hast-util-from-dom@5.0.1","ISC","https://github.com/syntax-tree/hast-util-from-dom"
"hast-util-from-html-isomorphic@2.0.0","MIT","https://github.com/syntax-tree/hast-util-from-html-isomorphic"
"hast-util-from-html@2.0.3","MIT","https://github.com/syntax-tree/hast-util-from-html"
"hast-util-from-parse5@8.0.3","MIT","https://github.com/syntax-tree/hast-util-from-parse5"
"hast-util-is-element@3.0.0","MIT","https://github.com/syntax-tree/hast-util-is-element"
"hast-util-parse-selector@4.0.0","MIT","https://github.com/syntax-tree/hast-util-parse-selector"
"hast-util-raw@9.1.0","MIT","https://github.com/syntax-tree/hast-util-raw"
"hast-util-to-estree@3.1.3","MIT","https://github.com/syntax-tree/hast-util-to-estree"
"hast-util-to-html@9.0.5","MIT","https://github.com/syntax-tree/hast-util-to-html"
"hast-util-to-jsx-runtime@2.3.6","MIT","https://github.com/syntax-tree/hast-util-to-jsx-runtime"
"hast-util-to-parse5@8.0.1","MIT","https://github.com/syntax-tree/hast-util-to-parse5"
"hast-util-to-text@4.0.2","MIT","https://github.com/syntax-tree/hast-util-to-text"
"hast-util-whitespace@3.0.0","MIT","https://github.com/syntax-tree/hast-util-whitespace"
"hastscript@9.0.1","MIT","https://github.com/syntax-tree/hastscript"
"hoist-non-react-statics@3.3.2","BSD-3-Clause","https://github.com/mridgway/hoist-non-react-statics"
"html-parse-stringify@4.0.1","MIT","https://github.com/i18next/html-parse-stringify"
"html-url-attributes@3.0.1","MIT","https://github.com/rehypejs/rehype-minify/tree/main/packages/html-url-attributes"
"html-void-elements@3.0.0","MIT","https://github.com/wooorm/html-void-elements"
"https-proxy-agent@5.0.1","MIT","https://github.com/TooTallNate/node-https-proxy-agent"
"i18next-browser-languagedetector@8.2.1","MIT","https://github.com/i18next/i18next-browser-languageDetector"
"i18next@26.3.6","MIT","https://github.com/i18next/i18next"
"iconv-lite@0.4.24","MIT","https://github.com/ashtuchkin/iconv-lite"
"iconv-lite@0.6.3","MIT","https://github.com/ashtuchkin/iconv-lite"
"ieee754@1.2.1","BSD-3-Clause","https://github.com/feross/ieee754"
"immer@11.1.15","MIT","https://github.com/immerjs/immer"
"import-fresh@3.3.1","MIT","https://github.com/sindresorhus/import-fresh"
"import-meta-resolve@4.2.0","MIT","https://github.com/wooorm/import-meta-resolve"
"inherits@2.0.4","ISC","https://github.com/isaacs/inherits"
"inline-style-parser@0.2.7","MIT","https://github.com/remarkablemark/inline-style-parser"
"input-otp@1.4.2","MIT","https://github.com/guilhermerodz/input-otp"
"internmap@2.0.3","ISC","https://github.com/mbostock/internmap"
"intersection-observer@0.12.2","Apache-2.0","https://github.com/GoogleChromeLabs/intersection-observer"
"is-alphabetical@2.0.1","MIT","https://github.com/wooorm/is-alphabetical"
"is-alphanumerical@2.0.1","MIT","https://github.com/wooorm/is-alphanumerical"
"is-arrayish@0.2.1","MIT","https://github.com/qix-/node-is-arrayish"
"is-core-module@2.16.2","MIT","https://github.com/inspect-js/is-core-module"
"is-decimal@2.0.1","MIT","https://github.com/wooorm/is-decimal"
"is-extendable@0.1.1","MIT","https://github.com/jonschlinkert/is-extendable"
"is-extendable@1.0.1","MIT","https://github.com/jonschlinkert/is-extendable"
"is-hexadecimal@2.0.1","MIT","https://github.com/wooorm/is-hexadecimal"
"is-mobile@5.0.0","MIT","https://github.com/juliangruber/is-mobile"
"is-plain-obj@4.1.0","MIT","https://github.com/sindresorhus/is-plain-obj"
"is-plain-object@2.0.4","MIT","https://github.com/jonschlinkert/is-plain-object"
"isarray@0.0.1","MIT","https://github.com/juliangruber/isarray"
"isbot@5.2.1","Unlicense","https://github.com/omrilotan/isbot"
"isobject@3.0.1","MIT","https://github.com/jonschlinkert/isobject"
"js-binary-schema-parser@2.0.3","MIT","https://github.com/matt-way/jsBinarySchemaParser"
"js-cookie@3.0.7","MIT","https://github.com/js-cookie/js-cookie"
"js-tokens@4.0.0","MIT","https://github.com/lydell/js-tokens"
"jsesc@3.1.0","MIT","https://github.com/mathiasbynens/jsesc"
"json-parse-even-better-errors@2.3.1","MIT","https://github.com/npm/json-parse-even-better-errors"
"json-schema@0.4.0","(AFL-2.1 OR BSD-3-Clause)","https://github.com/kriszyp/json-schema"
"json2mq@0.2.0","MIT","https://github.com/akiran/json2mq"
"katex@0.16.47","MIT","https://github.com/KaTeX/KaTeX"
"katex@0.17.0","MIT","https://github.com/KaTeX/KaTeX"
"khroma@2.1.0","MIT*","https://github.com/fabiospampinato/khroma"
"layout-base@1.0.2","MIT","https://github.com/iVis-at-Bilkent/layout-base"
"layout-base@2.0.1","MIT","https://github.com/iVis-at-Bilkent/layout-base"
"leva@0.10.1","MIT","https://github.com/pmndrs/leva"
"lines-and-columns@1.2.4","MIT","https://github.com/eventualbuddha/lines-and-columns"
"linkify-it@5.0.2","MIT","https://github.com/markdown-it/linkify-it"
"lit-element@4.2.2","BSD-3-Clause","https://github.com/lit/lit"
"lit-html@3.3.3","BSD-3-Clause","https://github.com/lit/lit"
"lit@3.3.3","BSD-3-Clause","https://github.com/lit/lit"
"lodash-es@4.18.1","MIT","https://github.com/lodash/lodash"
"lodash@4.18.1","MIT","https://github.com/lodash/lodash"
"longest-streak@3.1.0","MIT","https://github.com/wooorm/longest-streak"
"loose-envify@1.4.0","MIT","https://github.com/zertosh/loose-envify"
"lottie-web@5.13.0","MIT","https://github.com/airbnb/lottie-web"
"lru_map@0.4.1","MIT","https://github.com/rsms/js-lru"
"lucide-react@0.469.0","ISC","https://github.com/lucide-icons/lucide"
"lucide-react@0.562.0","ISC","https://github.com/lucide-icons/lucide"
"lucide-react@1.26.0","ISC","https://github.com/lucide-icons/lucide"
"markdown-extensions@2.0.0","MIT","https://github.com/sindresorhus/markdown-extensions"
"markdown-it-container@4.0.0","MIT","https://github.com/markdown-it/markdown-it-container"
"markdown-it-footnote@4.0.0","MIT","https://github.com/markdown-it/markdown-it-footnote"
"markdown-it-ins@4.0.0","MIT","https://github.com/markdown-it/markdown-it-ins"
"markdown-it-mark@4.0.0","MIT","https://github.com/markdown-it/markdown-it-mark"
"markdown-it-sub@2.0.0","MIT","https://github.com/markdown-it/markdown-it-sub"
"markdown-it-sup@2.0.0","MIT","https://github.com/markdown-it/markdown-it-sup"
"markdown-it-task-checkbox@1.0.6","ISC","https://github.com/linsir/markdown-it-task-checkbox"
"markdown-it-ts@1.0.5","MIT","https://github.com/Simon-He95/markdown-it-ts"
"markdown-table@3.0.4","MIT","https://github.com/wooorm/markdown-table"
"marked@16.4.2","MIT","https://github.com/markedjs/marked"
"marked@18.0.7","MIT","https://github.com/markedjs/marked"
"math-intrinsics@1.1.0","MIT","https://github.com/es-shims/math-intrinsics"
"mdast-util-find-and-replace@3.0.2","MIT","https://github.com/syntax-tree/mdast-util-find-and-replace"
"mdast-util-from-markdown@2.0.3","MIT","https://github.com/syntax-tree/mdast-util-from-markdown"
"mdast-util-gfm-autolink-literal@2.0.1","MIT","https://github.com/syntax-tree/mdast-util-gfm-autolink-literal"
"mdast-util-gfm-footnote@2.1.0","MIT","https://github.com/syntax-tree/mdast-util-gfm-footnote"
"mdast-util-gfm-strikethrough@2.0.0","MIT","https://github.com/syntax-tree/mdast-util-gfm-strikethrough"
"mdast-util-gfm-table@2.0.0","MIT","https://github.com/syntax-tree/mdast-util-gfm-table"
"mdast-util-gfm-task-list-item@2.0.0","MIT","https://github.com/syntax-tree/mdast-util-gfm-task-list-item"
"mdast-util-gfm@3.1.0","MIT","https://github.com/syntax-tree/mdast-util-gfm"
"mdast-util-math@3.0.0","MIT","https://github.com/syntax-tree/mdast-util-math"
"mdast-util-mdx-expression@2.0.1","MIT","https://github.com/syntax-tree/mdast-util-mdx-expression"
"mdast-util-mdx-jsx@3.2.0","MIT","https://github.com/syntax-tree/mdast-util-mdx-jsx"
"mdast-util-mdx@3.0.0","MIT","https://github.com/syntax-tree/mdast-util-mdx"
"mdast-util-mdxjs-esm@2.0.1","MIT","https://github.com/syntax-tree/mdast-util-mdxjs-esm"
"mdast-util-newline-to-break@2.0.0","MIT","https://github.com/syntax-tree/mdast-util-newline-to-break"
"mdast-util-phrasing@4.1.0","MIT","https://github.com/syntax-tree/mdast-util-phrasing"
"mdast-util-to-hast@13.2.1","MIT","https://github.com/syntax-tree/mdast-util-to-hast"
"mdast-util-to-markdown-cjk-friendly@1.0.0","MIT","https://github.com/tats-u/markdown-cjk-friendly"
"mdast-util-to-markdown@2.1.2","MIT","https://github.com/syntax-tree/mdast-util-to-markdown"
"mdast-util-to-string@4.0.0","MIT","https://github.com/syntax-tree/mdast-util-to-string"
"mdurl@2.1.0","MIT","https://github.com/markdown-it/mdurl"
"merge-value@1.0.0","MIT","https://github.com/jonschlinkert/merge-value"
"mermaid@11.15.0","MIT","https://github.com/mermaid-js/mermaid"
"micromark-core-commonmark@2.0.3","MIT","https://github.com/micromark/micromark/tree/main/packages/micromark-core-commonmark"
"micromark-extension-cjk-friendly-util@3.0.1","MIT","https://github.com/tats-u/markdown-cjk-friendly"
"micromark-extension-cjk-friendly@2.0.1","MIT","https://github.com/tats-u/markdown-cjk-friendly"
"micromark-extension-gfm-autolink-literal@2.1.0","MIT","https://github.com/micromark/micromark-extension-gfm-autolink-literal"
"micromark-extension-gfm-footnote@2.1.0","MIT","https://github.com/micromark/micromark-extension-gfm-footnote"
"micromark-extension-gfm-strikethrough@2.1.0","MIT","https://github.com/micromark/micromark-extension-gfm-strikethrough"
"micromark-extension-gfm-table@2.1.1","MIT","https://github.com/micromark/micromark-extension-gfm-table"
"micromark-extension-gfm-tagfilter@2.0.0","MIT","https://github.com/micromark/micromark-extension-gfm-tagfilter"
"micromark-extension-gfm-task-list-item@2.1.0","MIT","https://github.com/micromark/micromark-extension-gfm-task-list-item"
"micromark-extension-gfm@3.0.0","MIT","https://github.com/micromark/micromark-extension-gfm"
"micromark-extension-math@3.1.0","MIT","https://github.com/micromark/micromark-extension-math"
"micromark-extension-mdx-expression@3.0.1","MIT","https://github.com/micromark/micromark-extension-mdx-expression/tree/main/packages/micromark-extension-mdx-expression"
"micromark-extension-mdx-jsx@3.0.2","MIT","https://github.com/micromark/micromark-extension-mdx-jsx"
"micromark-extension-mdx-md@2.0.0","MIT","https://github.com/micromark/micromark-extension-mdx-md"
"micromark-extension-mdxjs-esm@3.0.0","MIT","https://github.com/micromark/micromark-extension-mdxjs-esm"
"micromark-extension-mdxjs@3.0.0","MIT","https://github.com/micromark/micromark-extension-mdxjs"
"micromark-factory-destination@2.0.1","MIT","https://github.com/micromark/micromark/tree/main/packages/micromark-factory-destination"
"micromark-factory-label@2.0.1","MIT","https://github.com/micromark/micromark/tree/main/packages/micromark-factory-label"
"micromark-factory-mdx-expression@2.0.3","MIT","https://github.com/micromark/micromark-extension-mdx-expression/tree/main/packages/micromark-factory-mdx-expression"
"micromark-factory-space@2.0.1","MIT","https://github.com/micromark/micromark/tree/main/packages/micromark-factory-space"
"micromark-factory-title@2.0.1","MIT","https://github.com/micromark/micromark/tree/main/packages/micromark-factory-title"
"micromark-factory-whitespace@2.0.1","MIT","https://github.com/micromark/micromark/tree/main/packages/micromark-factory-whitespace"
"micromark-util-character@2.1.1","MIT","https://github.com/micromark/micromark/tree/main/packages/micromark-util-character"
"micromark-util-chunked@2.0.1","MIT","https://github.com/micromark/micromark/tree/main/packages/micromark-util-chunked"
"micromark-util-classify-character@2.0.1","MIT","https://github.com/micromark/micromark/tree/main/packages/micromark-util-classify-character"
"micromark-util-combine-extensions@2.0.1","MIT","https://github.com/micromark/micromark/tree/main/packages/micromark-util-combine-extensions"
"micromark-util-decode-numeric-character-reference@2.0.2","MIT","https://github.com/micromark/micromark/tree/main/packages/micromark-util-decode-numeric-character-reference"
"micromark-util-decode-string@2.0.1","MIT","https://github.com/micromark/micromark/tree/main/packages/micromark-util-decode-string"
"micromark-util-encode@2.0.1","MIT","https://github.com/micromark/micromark/tree/main/packages/micromark-util-encode"
"micromark-util-events-to-acorn@2.0.3","MIT","https://github.com/micromark/micromark-extension-mdx-expression/tree/main/packages/micromark-util-events-to-acorn"
"micromark-util-html-tag-name@2.0.1","MIT","https://github.com/micromark/micromark/tree/main/packages/micromark-util-html-tag-name"
"micromark-util-normalize-identifier@2.0.1","MIT","https://github.com/micromark/micromark/tree/main/packages/micromark-util-normalize-identifier"
"micromark-util-resolve-all@2.0.1","MIT","https://github.com/micromark/micromark/tree/main/packages/micromark-util-resolve-all"
"micromark-util-sanitize-uri@2.0.1","MIT","https://github.com/micromark/micromark/tree/main/packages/micromark-util-sanitize-uri"
"micromark-util-subtokenize@2.1.0","MIT","https://github.com/micromark/micromark/tree/main/packages/micromark-util-subtokenize"
"micromark-util-symbol@2.0.1","MIT","https://github.com/micromark/micromark/tree/main/packages/micromark-util-symbol"
"micromark-util-types@2.0.2","MIT","https://github.com/micromark/micromark/tree/main/packages/micromark-util-types"
"micromark@4.0.2","MIT","https://github.com/micromark/micromark/tree/main/packages/micromark"
"mime-db@1.52.0","MIT","https://github.com/jshttp/mime-db"
"mime-types@2.1.35","MIT","https://github.com/jshttp/mime-types"
"minimist@1.2.8","MIT","https://github.com/minimistjs/minimist"
"mixin-deep@1.3.2","MIT","https://github.com/jonschlinkert/mixin-deep"
"motion-dom@12.42.2","MIT","https://github.com/motiondivision/motion"
"motion-utils@12.39.0","MIT","https://github.com/motiondivision/motion"
"motion@12.42.2","MIT","https://github.com/motiondivision/motion"
"ms@2.1.3","MIT","https://github.com/vercel/ms"
"nanoid@5.1.16","MIT","https://github.com/ai/nanoid"
"newapi-web@1.0.0","UNKNOWN",""
"next-themes@0.4.6","MIT","https://github.com/pacocoursey/next-themes"
"numeral@2.0.6","MIT","https://github.com/adamwdraper/Numeral-js"
"object-assign@4.1.1","MIT","https://github.com/sindresorhus/object-assign"
"on-change@4.0.0","MIT","https://github.com/sindresorhus/on-change"
"oniguruma-parser@0.12.2","MIT","https://github.com/slevithan/oniguruma-parser"
"oniguruma-to-es@4.3.6","MIT","https://github.com/slevithan/oniguruma-to-es"
"package-manager-detector@1.8.0","MIT","https://github.com/antfu-collective/package-manager-detector"
"parent-module@1.0.1","MIT","https://github.com/sindresorhus/parent-module"
"parse-entities@4.0.2","MIT","https://github.com/wooorm/parse-entities"
"parse-json@5.2.0","MIT","https://github.com/sindresorhus/parse-json"
"parse-svg-path@0.1.2","MIT","https://github.com/jkroso/parse-svg-path"
"parse5@7.3.0","MIT","https://github.com/inikulin/parse5"
"path-browserify@1.0.1","MIT","https://github.com/browserify/path-browserify"
"path-data-parser@0.1.0","MIT","https://github.com/pshihn/path-data-parser"
"path-parse@1.0.7","MIT","https://github.com/jbgutierrez/path-parse"
"path-source@0.1.3","BSD-3-Clause","https://github.com/mbostock/path-source"
"path-type@4.0.0","MIT","https://github.com/sindresorhus/path-type"
"pbf@3.3.0","BSD-3-Clause","https://github.com/mapbox/pbf"
"picocolors@1.1.1","ISC","https://github.com/alexeyraspopov/picocolors"
"point-at-length@1.1.0","MIT","https://github.com/substack/point-at-length"
"points-on-curve@0.2.0","MIT","https://github.com/pshihn/bezier-points"
"points-on-path@0.2.1","MIT","https://github.com/pshihn/points-on-path"
"polished@4.3.1","MIT","https://github.com/styled-components/polished"
"prop-types@15.8.1","MIT","https://github.com/facebook/prop-types"
"property-information@7.2.0","MIT","https://github.com/wooorm/property-information"
"protocol-buffers-schema@3.6.1","MIT","https://github.com/mafintosh/protocol-buffers-schema"
"proxy-from-env@2.1.0","MIT","https://github.com/Rob--W/proxy-from-env"
"punycode.js@2.3.1","MIT","https://github.com/mathiasbynens/punycode.js"
"qrcode.react@4.2.0","ISC","https://github.com/zpao/qrcode.react"
"query-string@9.4.1","MIT","https://github.com/sindresorhus/query-string"
"rc-collapse@4.0.0","MIT","https://github.com/react-component/collapse"
"rc-dialog@9.6.0","MIT","https://github.com/react-component/dialog"
"rc-footer@0.6.8","MIT","https://github.com/react-component/footer"
"rc-image@7.12.0","MIT","https://github.com/react-component/image"
"rc-input-number@9.5.0","MIT","https://github.com/react-component/input-number"
"rc-input@1.8.0","MIT","https://github.com/react-component/input"
"rc-menu@9.16.1","MIT","https://github.com/react-component/menu"
"rc-motion@2.9.5","MIT","https://github.com/react-component/motion"
"rc-overflow@1.5.0","MIT","https://github.com/react-component/overflow"
"rc-resize-observer@1.4.3","MIT","https://github.com/react-component/resize-observer"
"rc-util@5.44.4","MIT","https://github.com/react-component/util"
"re-resizable@6.11.2","MIT","https://github.com/bokuweb/react-resizable-box"
"react-avatar-editor@15.1.0","MIT","https://github.com/mosch/react-avatar-editor"
"react-colorful@5.8.0","MIT","https://github.com/omgovich/react-colorful"
"react-day-picker@10.0.1","MIT","https://github.com/gpbl/react-day-picker"
"react-dom@19.2.8","MIT","https://github.com/react/react"
"react-draggable@4.7.0","MIT","https://github.com/react-grid-layout/react-draggable"
"react-dropzone@12.1.0","MIT","https://github.com/react-dropzone/react-dropzone"
"react-error-boundary@6.1.2","MIT","https://github.com/bvaughn/react-error-boundary"
"react-fast-compare@3.2.2","MIT","https://github.com/FormidableLabs/react-fast-compare"
"react-hook-form@7.82.0","MIT","https://github.com/react-hook-form/react-hook-form"
"react-hotkeys-hook@5.3.3","MIT","https://github.com/JohannesKlauss/react-keymap-hook"
"react-i18next@17.0.11","MIT","https://github.com/i18next/react-i18next"
"react-icons@5.7.0","MIT","https://github.com/react-icons/react-icons"
"react-is@16.13.1","MIT","https://github.com/facebook/react"
"react-is@18.3.1","MIT","https://github.com/facebook/react"
"react-is@19.2.8","MIT","https://github.com/react/react"
"react-markdown@10.1.0","MIT","https://github.com/remarkjs/react-markdown"
"react-merge-refs@3.0.2","MIT","https://github.com/gregberge/react-merge-refs"
"react-redux@9.3.0","MIT","https://github.com/reduxjs/react-redux"
"react-remove-scroll-bar@2.3.8","MIT","https://github.com/theKashey/react-remove-scroll-bar"
"react-remove-scroll@2.7.2","MIT","https://github.com/theKashey/react-remove-scroll"
"react-resizable-panels@4.12.2","MIT","https://github.com/bvaughn/react-resizable-panels"
"react-rnd@10.5.3","MIT","https://github.com/bokuweb/react-rnd"
"react-style-singleton@2.2.3","MIT","https://github.com/theKashey/react-style-singleton"
"react-top-loading-bar@3.0.2","MIT","https://github.com/klendi/react-top-loading-bar"
"react-zoom-pan-pinch@4.0.3","MIT","https://github.com/prc5/react-zoom-pan-pinch"
"react@19.2.8","MIT","https://github.com/react/react"
"readable-stream@1.1.14","MIT","https://github.com/isaacs/readable-stream"
"readable-stream@3.6.2","MIT","https://github.com/nodejs/readable-stream"
"recharts@3.9.1","MIT","https://github.com/recharts/recharts"
"recma-build-jsx@1.0.0","MIT","https://github.com/mdx-js/recma/tree/main/packages/recma-build-jsx"
"recma-jsx@1.0.1","MIT","https://github.com/mdx-js/recma/tree/main/packages/recma-jsx"
"recma-parse@1.0.0","MIT","https://github.com/mdx-js/recma/tree/main/packages/recma-parse"
"recma-stringify@1.0.0","MIT","https://github.com/mdx-js/recma/tree/main/packages/recma-stringify"
"redux-thunk@3.1.0","MIT","https://github.com/reduxjs/redux-thunk"
"redux@5.0.1","MIT","https://github.com/reduxjs/redux"
"regex-recursion@6.0.2","MIT","https://github.com/slevithan/regex-recursion"
"regex-utilities@2.3.0","MIT","https://github.com/slevithan/regex-utilities"
"regex@6.1.0","MIT","https://github.com/slevithan/regex"
"rehype-github-alerts@4.2.0","MIT","https://github.com/chrisweb/rehype-github-alerts"
"rehype-katex@7.0.1","MIT","https://github.com/remarkjs/remark-math/tree/main/packages/rehype-katex"
"rehype-raw@7.0.0","MIT","https://github.com/rehypejs/rehype-raw"
"rehype-recma@1.0.0","MIT","https://github.com/mdx-js/recma/tree/main/packages/rehype-recma"
"remark-breaks@4.0.0","MIT","https://github.com/remarkjs/remark-breaks"
"remark-cjk-friendly@2.3.1","MIT","https://github.com/tats-u/markdown-cjk-friendly"
"remark-gfm@4.0.1","MIT","https://github.com/remarkjs/remark-gfm"
"remark-github@12.0.0","MIT","https://github.com/remarkjs/remark-github"
"remark-math@6.0.0","MIT","https://github.com/remarkjs/remark-math/tree/main/packages/remark-math"
"remark-mdx@3.1.1","MIT","https://github.com/mdx-js/mdx"
"remark-parse@11.0.0","MIT","https://github.com/remarkjs/remark/tree/main/packages/remark-parse"
"remark-rehype@11.1.2","MIT","https://github.com/remarkjs/remark-rehype"
"remark-stringify@11.0.0","MIT","https://github.com/remarkjs/remark/tree/main/packages/remark-stringify"
"remend@1.3.0","Apache-2.0","https://github.com/vercel/streamdown"
"reselect@5.2.0","MIT","https://github.com/reduxjs/reselect"
"resize-observer-polyfill@1.5.1","MIT","https://github.com/que-etc/resize-observer-polyfill"
"resolve-from@4.0.0","MIT","https://github.com/sindresorhus/resolve-from"
"resolve-protobuf-schema@2.1.0","MIT","https://github.com/mafintosh/resolve-protobuf-schema"
"resolve@1.22.12","MIT","https://github.com/browserify/resolve"
"robust-predicates@3.0.3","Unlicense","https://github.com/mourner/robust-predicates"
"roughjs@4.6.6","MIT","https://github.com/pshihn/rough"
"rw@1.3.3","BSD-3-Clause","https://github.com/mbostock/rw"
"safe-buffer@5.2.1","MIT","https://github.com/feross/safe-buffer"
"safer-buffer@2.1.2","MIT","https://github.com/ChALkeR/safer-buffer"
"scheduler@0.27.0","MIT","https://github.com/facebook/react"
"screenfull@5.2.0","MIT","https://github.com/sindresorhus/screenfull.js"
"scroll-into-view-if-needed@3.1.0","MIT","https://github.com/scroll-into-view/scroll-into-view-if-needed"
"semver-compare@1.0.0","MIT","https://github.com/substack/semver-compare"
"seroval-plugins@1.5.6","MIT","https://github.com/lxsmnsyc/seroval"
"seroval@1.5.6","MIT","https://github.com/lxsmnsyc/seroval"
"set-value@2.0.1","MIT","https://github.com/jonschlinkert/set-value"
"shapefile@0.6.6","BSD-3-Clause","https://github.com/mbostock/shapefile"
"shiki@4.3.1","MIT","https://github.com/shikijs/shiki"
"simple-statistics@7.9.3","ISC","https://github.com/simple-statistics/simple-statistics"
"simplify-geojson@1.0.5","BSD-2-Clause","https://github.com/maxogden/simplify-geojson"
"simplify-geometry@0.0.2","MIT","https://github.com/seabre/simplify-geometry"
"slice-source@0.4.1","BSD-3-Clause","https://github.com/mbostock/slice-source"
"sonner@2.0.7","MIT","https://github.com/emilkowalski/sonner"
"source-map@0.5.7","BSD-3-Clause","https://github.com/mozilla/source-map"
"source-map@0.7.6","BSD-3-Clause","https://github.com/mozilla/source-map"
"space-separated-tokens@2.0.2","MIT","https://github.com/wooorm/space-separated-tokens"
"split-on-first@3.0.0","MIT","https://github.com/sindresorhus/split-on-first"
"split-string@3.1.0","MIT","https://github.com/jonschlinkert/split-string"
"sse.js@2.8.0","Apache-2.0","https://github.com/mpetazzoni/sse.js"
"stream-markdown-parser@1.1.4","MIT","https://github.com/Simon-He95/markstream-vue"
"stream-source@0.3.5","BSD-3-Clause","https://github.com/mbostock/stream-source"
"string-convert@0.2.1","MIT","https://github.com/akiran/string-convert"
"string_decoder@0.10.31","MIT","https://github.com/rvagg/string_decoder"
"string_decoder@1.3.0","MIT","https://github.com/nodejs/string_decoder"
"stringify-entities@4.0.4","MIT","https://github.com/wooorm/stringify-entities"
"style-mod@4.1.3","MIT","https://github.com/marijnh/style-mod"
"style-to-js@1.1.21","MIT","https://github.com/remarkablemark/style-to-js"
"style-to-object@1.0.14","MIT","https://github.com/remarkablemark/style-to-object"
"stylis@4.2.0","MIT","https://github.com/thysultan/stylis.js"
"stylis@4.4.0","MIT","https://github.com/thysultan/stylis.js"
"supports-preserve-symlinks-flag@1.0.0","MIT","https://github.com/inspect-js/node-supports-preserve-symlinks-flag"
"swr@2.4.2","MIT","https://github.com/vercel/swr"
"tabbable@6.5.0","MIT","https://github.com/focus-trap/tabbable"
"tailwind-merge@3.6.0","MIT","https://github.com/dcastil/tailwind-merge"
"tailwindcss@4.3.3","MIT","https://github.com/tailwindlabs/tailwindcss"
"text-encoding@0.6.4","Unlicense","https://github.com/inexorabletash/text-encoding"
"throttle-debounce@5.0.2","MIT","https://github.com/niksy/throttle-debounce"
"tiny-invariant@1.3.3","MIT","https://github.com/alexreardon/tiny-invariant"
"tinyexec@1.2.4","MIT","https://github.com/tinylibs/tinyexec"
"to-vfile@8.0.0","MIT","https://github.com/vfile/to-vfile"
"tokenlens@1.3.1","MIT","https://github.com/xn1cklas/tokenlens"
"topojson-client@3.1.0","ISC","https://github.com/topojson/topojson-client"
"topojson-server@3.0.1","ISC","https://github.com/topojson/topojson-server"
"trim-lines@3.0.1","MIT","https://github.com/wooorm/trim-lines"
"trough@2.2.0","MIT","https://github.com/wooorm/trough"
"ts-dedent@2.3.0","MIT","https://github.com/tamino-martinius/node-ts-dedent"
"ts-md5@2.0.1","MIT","https://github.com/cotag/ts-md5"
"tslib@2.6.2","0BSD","https://github.com/Microsoft/tslib"
"tslib@2.8.1","0BSD","https://github.com/Microsoft/tslib"
"tw-animate-css@1.4.0","MIT","https://github.com/Wombosvideo/tw-animate-css"
"typedarray@0.0.6","MIT","https://github.com/substack/typedarray"
"uc.micro@2.1.0","MIT","https://github.com/markdown-it/uc.micro"
"unified@11.0.5","MIT","https://github.com/unifiedjs/unified"
"unist-util-find-after@5.0.0","MIT","https://github.com/syntax-tree/unist-util-find-after"
"unist-util-is@6.0.1","MIT","https://github.com/syntax-tree/unist-util-is"
"unist-util-position-from-estree@2.0.0","MIT","https://github.com/syntax-tree/unist-util-position-from-estree"
"unist-util-position@5.0.0","MIT","https://github.com/syntax-tree/unist-util-position"
"unist-util-remove-position@5.0.0","MIT","https://github.com/syntax-tree/unist-util-remove-position"
"unist-util-stringify-position@4.0.0","MIT","https://github.com/syntax-tree/unist-util-stringify-position"
"unist-util-visit-parents@6.0.2","MIT","https://github.com/syntax-tree/unist-util-visit-parents"
"unist-util-visit@5.1.0","MIT","https://github.com/syntax-tree/unist-util-visit"
"url-join@5.0.0","MIT","https://github.com/jfromaniello/url-join"
"use-callback-ref@1.3.3","MIT","https://github.com/theKashey/use-callback-ref"
"use-merge-value@1.2.0","MIT","https://github.com/chenshuai2144/merge-value-hooks"
"use-sidecar@1.1.3","MIT","https://github.com/theKashey/use-sidecar"
"use-stick-to-bottom@1.1.6","MIT","https://github.com/samdenty/use-stick-to-bottom"
"use-sync-external-store@1.6.0","MIT","https://github.com/facebook/react"
"util-deprecate@1.0.2","MIT","https://github.com/TooTallNate/util-deprecate"
"uuid@14.0.0","MIT","https://github.com/uuidjs/uuid"
"v8n@1.5.1","MIT","https://github.com/imbrn/v8n"
"vaul@1.1.2","MIT","https://github.com/emilkowalski/vaul"
"vfile-location@5.0.3","MIT","https://github.com/vfile/vfile-location"
"vfile-message@4.0.3","MIT","https://github.com/vfile/vfile-message"
"vfile@6.0.3","MIT","https://github.com/vfile/vfile"
"victory-vendor@37.3.6","MIT AND ISC","https://github.com/FormidableLabs/victory"
"virtua@0.49.3","MIT","https://github.com/inokawa/virtua"
"w3c-keyname@2.2.8","MIT","https://github.com/marijnh/w3c-keyname"
"web-namespaces@2.0.1","MIT","https://github.com/wooorm/web-namespaces"
"yaml@1.10.3","ISC","https://github.com/eemeli/yaml"
"zod@4.4.3","MIT","https://github.com/colinhacks/zod"
"zustand@3.7.2","MIT","https://github.com/pmndrs/zustand"
"zustand@5.0.14","MIT","https://github.com/pmndrs/zustand"
"zwitch@2.0.4","MIT","https://github.com/wooorm/zwitch"
